rank,uri
1,spotify:track:0bAkKNCQfWkexHFn7fIKns
2,spotify:track:2G7V7zsVDxg1yRsu7Ew9RJ
3,spotify:track:0TK2YIli7K1leLovkQiNik
4,spotify:track:2Vx8E3K5icPZR7OCklWBXX
5,spotify:track:6v3KW9xbzN5yKLt9YKDYA2
6,spotify:track:7ytR5pFWmSjzHJIeQkgog4
7,spotify:track:4R2kfaDFhslZEMJqAFNpdd
8,spotify:track:4ZtFanR9U6ndgddUvNcjcG
9,spotify:track:3Wrjm47oTz2sjIgck11l5e
10,spotify:track:75FEaRjZTKLhTrFGsfMUXR
11,spotify:track:2tTmW7RDtMQtBk7m2rYeSw
12,spotify:track:36ONiya0OANYknz0GgJmwB
13,spotify:track:7gkWXbAxIYuvtOpcN3p9GJ
14,spotify:track:58q2HKrzhC3ozto2nDdN4z
15,spotify:track:2E124GmJRnBJuXbTb4cPUB
16,spotify:track:3HVWdVOQ0ZA45FuZGSfvns
17,spotify:track:6vBdBCoOhKHiYDDOcorfNo
18,spotify:track:0hVXuCcriWRGvwMV1r5Yn9
19,spotify:track:2ksOAxtIxY8yElEWw8RhgK
20,spotify:track:1xQ6trAsedVPCdbtDAmk0c
21,spotify:track:5HCyWlXZPP0y6Gqq8TgA20
22,spotify:track:5PjdY0CKGZdEuoNab3yDmX
23,spotify:track:4Dvkj6JhhA12EX05fT7y2e
24,spotify:track:3ee8Jmje8o58CHK66QrVC2
25,spotify:track:7fa9MBXhVfQ8P8Df9OEbD8
26,spotify:track:2Fxmhks0bxGSBdJ92vM42m
27,spotify:track:70eFcWOvlMObDhURTqT4Fv
28,spotify:track:0VjIjW4GlUZAMYd2vXMi3b
29,spotify:track:5RwV8BvLfX5injfqYodke9
30,spotify:track:6PQ88X9TkUIAUIZJHW2upE
31,spotify:track:6xGruZOHLs39ZbVccQTuPZ
32,spotify:track:2VWbHHhWnMzKWPUs4IEEW9
33,spotify:track:5WvAo7DNuPRmk4APhdPzi8
34,spotify:track:4evmHXcjt3bTUHD1cvny97
35,spotify:track:24Yi9hE78yPEbZ4kxyoXAI
36,spotify:track:7y7w4tl4MaRC2UMEj1mPtr
37,spotify:track:6UelLqGlWMcVH1E5c4H7lY
38,spotify:track:4pvb0WLRcMtbPGmtejJJ6y
39,spotify:track:67BtfxlNbhBmCDR2L2l8qd
40,spotify:track:6Sq7ltF9Qa7SNFBsV5Cogx
41,spotify:track:0s3nnoMeVWz3989MkNQiRf
42,spotify:track:6u7jPi22kF8CTQ3rb9DHE7
43,spotify:track:0Jlcvv8IykzHaSmj49uNW8
44,spotify:track:2JPLbjOn0wPCngEot2STUS
45,spotify:track:0LThjFY2iTtNdd4wviwVV2
46,spotify:track:3DarAbFujv6eYNliUTyqtz
47,spotify:track:27NovPIUIRrOZoCHxABJwK
48,spotify:track:1IHWl5LamUGEuP4ozKQSXZ
49,spotify:track:1v1IXPXl73Z7zy6f5tUa9n
50,spotify:track:0X8DcetL926BYiPJYstJTc
51,spotify:track:5IaHrVsrferBYDm0bDyABy
52,spotify:track:5ry2OE6R2zPQFDO85XkgRb
53,spotify:track:2YpeDb67231RjR0MgVLzsG
54,spotify:track:3vAn0qZzdyuHamcrpkfiX3
55,spotify:track:3k3NWokhRRkEPhCzPmV8TW
56,spotify:track:1iSZPndzmY6NvL1jAtIvY1
57,spotify:track:6fTt0CH2t0mdeB2N9XFG5r
58,spotify:track:2TH65lNHgvLxCKXM3apjxI
59,spotify:track:1DhRbox3xkceP64k3JeYfW
60,spotify:track:7eJMfftS33KTjuF7lTsMCx
61,spotify:track:6o3QUC5oAE4g6WxRIFcZtb
62,spotify:track:6EDO9iiTtwNv6waLwa1UUq
63,spotify:track:0mBP9X2gPCuapvpZ7TGDk3
64,spotify:track:5Eax0qFko2dh7Rl2lYs3bx
65,spotify:track:71SEHJPt1iDwGkBhUOAXDP
66,spotify:track:7ef4DlsgrMEH11cDZd32M6
67,spotify:track:6kPJZM97LwdG9QIsT7khp6
68,spotify:track:6b2RcmUt1g9N9mQ3CbjX2Y
69,spotify:track:7ju97lgwC2rKQ6wwsf9no9
70,spotify:track:4h5N4KyWZMtpeH9vhXSXjd
71,spotify:track:2Eeur20xVqfUoM3Q7EFPFt
72,spotify:track:5nujrmhLynf4yMoMtj8AQF
73,spotify:track:4pt5fDVTg5GhEvEtlz9dKk
74,spotify:track:4uloft7ZE54WflsuqFmjC7
75,spotify:track:7dt6x5M1jzdTEt8oCbisTK
76,spotify:track:1Ej96GIBCTvgH7tNX1r3qr
77,spotify:track:3yNZ5r3LKfdmjoS3gkhUCT
78,spotify:track:3H7ihDc1dqLriiWXwsc2po
79,spotify:track:2fZTS0VboxRpF0FdfY7E5P
80,spotify:track:6hf0RpxTbOprT5nnwzkk8e
81,spotify:track:2bgTY4UwhfBYhGT4HUYStN
82,spotify:track:6Xom58OOXk2SoU711L2IXO
83,spotify:track:0HVv5bEOiI9a0QfgcASXpX
84,spotify:track:29fRTIKsJhLUJoldM89GZS
85,spotify:track:4vUmTMuQqjdnvlZmAH61Qk
86,spotify:track:1fBXSMOusjaj7GjzErHmUI
87,spotify:track:1kBbgxAUc4HQv7cgIayIDH
88,spotify:track:466cKvZn1j45IpxDdYZqdA
89,spotify:track:0XkmeG97T4mtYlWRJcrxec
90,spotify:track:1MgV7FIyNxIG7WzMRJV5HC
91,spotify:track:02MWAaffLxlfxAUY7c5dvx
92,spotify:track:7txPE73wHbuXYkM1h8zNrG
93,spotify:track:4kWO6O1BUXcZmaxitpVUwp
94,spotify:track:5w9c2J52mkdntKOmRLeM2m
95,spotify:track:3KkXRkHbMCARz0aVfEt68P
96,spotify:track:4bTZeO72FwMa6wKOiqoynL
97,spotify:track:1rgnBhdG2JDFTbYkYRZAku
98,spotify:track:3hUxzQpSfdDqwM3ZTFQY0K
99,spotify:track:4iJyoBOLtHqaGxP12qzhQI
100,spotify:track:7dSZ6zGTQx66c2GF91xCrb
101,spotify:track:4k6Uh1HXdhtusDW5y8Gbvy
102,spotify:track:5fcM0StdQxMjzulVGhFkHN
103,spotify:track:3u1S1OmAUhx5DRlLrXqyp3
104,spotify:track:5PYQUBXc7NYeI1obMKSJK0
105,spotify:track:7qEHsqek33rTcFNT9PFqLf
106,spotify:track:6osaMSJh9NguagEDQcZaKx
107,spotify:track:62aP9fBQKYKxi7PDXwcUAS
108,spotify:track:6HU7h9RYOaPRFeh0R3UeAr
109,spotify:track:1PckUlxKqWQs3RlWXVBLw3
110,spotify:track:6HMtHNpW6YPi1hrw9tgF8P
111,spotify:track:6G8kHiVZ1jW7vHMPVRNZU0
112,spotify:track:0d2iYfpKoM0QCKvcLCkBao
113,spotify:track:6LsAAHotRLMOHfCsSfYCsz
114,spotify:track:5RqR4ZCCKJDcBLIn4sih9l
115,spotify:track:0ZNU020wNYvgW84iljPkPP
116,spotify:track:5eXBXreN3d1zdj6Sa8dS0u
117,spotify:track:3F5CgOj3wFlRv51JsHbxhe
118,spotify:track:4h9wh7iOZ0GGn8QVp4RAOB
119,spotify:track:0JP9xo3adEtGSdUEISiszL
120,spotify:track:2iUXsYOEPhVqEBwsqP70rE
121,spotify:track:1DFD5Fotzgn6yYXkYsKiGs
122,spotify:track:3PfIrDoz19wz7qK7tYeu62
123,spotify:track:66FgjA5ZQJJuypFG1bc8se
124,spotify:track:1mohfLaTJtB2RplHLQVM70
125,spotify:track:05bfbizlM5AX6Mf1RRyMho
126,spotify:track:2rurDawMfoKP4uHyb2kJBt
127,spotify:track:3nc420PXjTdBV5TN0gCFkS
128,spotify:track:25ZAibhr3bdlMCLmubZDVt
129,spotify:track:0AtP8EkGPn6SwxKDaUuXec
130,spotify:track:017PF4Q3l4DBUiWoXk4OWT
131,spotify:track:615vw74T1NebV8pKoutm2J
132,spotify:track:2MbdDtCv5LUVjYy9RuGTgC
133,spotify:track:6KJqZcs9XDgVck7Lg9QOTC
134,spotify:track:0k4d5YPDr1r7FX77VdqWez
135,spotify:track:5CZ40GBx1sQ9agT82CLQCT
136,spotify:track:4tYFy8ALRjIZvnvSLw5lxN
137,spotify:track:0TlLq3lA83rQOYtrqBqSct
138,spotify:track:1c0hsvHLELX6y8qymnpLKL
139,spotify:track:4wuCQX7JvAZLlrcmH4AeZF
140,spotify:track:5qmq61DAAOUaW8AUo8xKhh
141,spotify:track:22LAwLoDA5b4AaGSkg6bKW
142,spotify:track:0EhpEsp4L0oRGM0vmeaN5e
143,spotify:track:37BZB0z9T8Xu7U3e65qxFy
144,spotify:track:41oY4WCTj5kccfesTVFnvN
145,spotify:track:3LtpKP5abr2qqjunvjlX5i
146,spotify:track:3V8UKqhEK5zBkBb6d6ub8i
147,spotify:track:1f38Gx6xQz6r4H1jGVNBJo
148,spotify:track:1H7KnK26kc1YyellpbINEn
149,spotify:track:6VsvKPJ4xjVNKpI8VVZ3SV
150,spotify:track:3Yw09dj3cTXsAzlLjgBfIP
151,spotify:track:0fea68AdmYNygeTGI4RC18
152,spotify:track:0PvFJmanyNQMseIFrU708S
153,spotify:track:7kt9e9LFSpN1zQtYEl19o1
154,spotify:track:2tGvwE8GcFKwNdAXMnlbfl
155,spotify:track:40uMIn2zJLAQhNXghRjBed
156,spotify:track:2DB4DdfCFMw1iaR6JaR03a
157,spotify:track:7cfvP13Bqb1EyCZQiYsLum
158,spotify:track:514rhnksEwHUh6LxXsQ4Y9
159,spotify:track:6DCZcSspjsKoFjzjrWoCdn
160,spotify:track:53CJANUxooaqGOtdsBTh7O
161,spotify:track:24IgCW19L8lXKyFZwzFtD3
162,spotify:track:0BGwAKW4u8kWOhWFflZxfl
163,spotify:track:03LfOYi0icz4souspZVVhq
164,spotify:track:6uqyE384HDSsuwpoF4mjrL
165,spotify:track:0G2zPzWqVjR68iNPmx2TBe
166,spotify:track:6JIC3hbC28JZKZ8AlAqX8h
167,spotify:track:5SxkdsY1ufZzoq9iXceLw9
168,spotify:track:51Fjme0JiitpyXKuyQiCDo
169,spotify:track:2NmsngXHeC1GQ9wWrzhOMf
170,spotify:track:5wANPM4fQCJwkGd4rN57mH
171,spotify:track:3Vi5XqYrmQgOYBajMWSvCi
172,spotify:track:2MuWTIM3b0YEAskbeeFE1i
173,spotify:track:1qEmFfgcLObUfQm0j1W2CK
174,spotify:track:4hQ6UGyWQIGJmHSo0J88JW
175,spotify:track:0E9ZjEAyAwOXZ7wJC0PD33
176,spotify:track:7Feaw9WAEREY0DUOSXJLOM
177,spotify:track:4HBZA5flZLE435QTztThqH
178,spotify:track:7MAibcTli4IisCtbHKrGMh
179,spotify:track:7AFASza1mXqntmGtbxXprO
180,spotify:track:4j3GWI86JvSaF0BLdmgcfF
181,spotify:track:3CA9pLiwRIGtUBiMjbZmRw
182,spotify:track:2ijef6ni2amuunRoKTlgww
183,spotify:track:05CwHjIk71RXVU40boRMnR
184,spotify:track:4nK5YrxbMGZstTLbvj6Gxw
185,spotify:track:35RJhm1pEovTBwnNR0zWad
186,spotify:track:5B0kgjHULYJhAQkK5XsMoC
187,spotify:track:5lAnYvAIkSDNXqfo7DyFUm
188,spotify:track:4XKXphKH76W4zNpkgFS5o2
189,spotify:track:0nbXyq5TXYPCO7pr3N8S4I
190,spotify:track:1eIsyfDHoEbemSnQFsgyAv
191,spotify:track:6bvfJf4KjonPMuPfGfy3S2
192,spotify:track:4cG7HUWYHBV6R6tHn1gxrl
193,spotify:track:5JCoSi02qi3jJeHdZXMmR8
194,spotify:track:2KukL7UlQ8TdvpaA7bY3ZJ
195,spotify:track:1sPLURKAosM3Jampgp9AWq
196,spotify:track:7m9OqQk4RVRkw9JJdeAw96
197,spotify:track:43V1z6QToNNWNldV4FEG6r
198,spotify:track:4R8BJggjosTswLxtkw8V7P
199,spotify:track:1QoG0Yqz1onMsdbOibZVke
200,spotify:track:3ZG8N7aWw2meb6UrI5ZmnZ
201,spotify:track:5kI4eCXXzyuIUXjQra0Cxi
202,spotify:track:2rCbl9naJYhaxjLsfx88uM
203,spotify:track:0wHFktze2PHC5jDt3B17DC
204,spotify:track:2bbwjxA68m9PHZFWgF1fze
205,spotify:track:0kHyKhJMukHEPfeh8s7rdM
206,spotify:track:543bCW2ruMPmxUBWirQ3MR
207,spotify:track:40OMBMYRk5IQL6xCzGM0JA
208,spotify:track:4w47S36wQGBhGg073q3nt7
209,spotify:track:3MmCFghNjzZMn3HKqbVizn
210,spotify:track:0O6u0VJ46W86TxN9wgyqDj
211,spotify:track:22vgEDb5hykfaTwLuskFGD
212,spotify:track:18vXApRmJSgQ6wG2ll9AOg
213,spotify:track:0hquQWY3xvYqN4qtiquniF
214,spotify:track:39N9RPD9MRb5WmoLzNzPeA
215,spotify:track:1ZEm9cJC05rawV2tptNfTS
216,spotify:track:6SFStUDQZNaGPKWOx9ZiJB
217,spotify:track:7DcvwMAiqKJQD1rrdfxSDx
218,spotify:track:2bT1PH7Cw3J9p3t7nlXCdh
219,spotify:track:39Yp9wwQiSRIDOvrVg7mbk
220,spotify:track:0JoWBcL61YWLXM5vW0YTHO
221,spotify:track:3gD4J3RUHy4OUuZ3qAiaiG
222,spotify:track:7BoobGhD4x5K96Me0hqC8Q
223,spotify:track:5fwSHlTEWpluwOM0Sxnh5k
224,spotify:track:3GYlZ7tbxLOxe6ewMNVTkw
225,spotify:track:0VsGaRXR5WAzpu51unJTis
226,spotify:track:6XHVuErjQ4XNm6nDPVCxVX
227,spotify:track:6I3mqTwhRpn34SLVafSH7G
228,spotify:track:4h4QlmocP3IuwYEj2j14p8
229,spotify:track:6moU77g9RQyMzHNuKEaQKq
230,spotify:track:4umIPjkehX1r7uhmGvXiSV
231,spotify:track:2QDyYdZyhlP2fp79KZX8Bi
232,spotify:track:43qcs9NpJhDxtG91zxFkj7
233,spotify:track:0MMyJUC3WNnFS1lit5pTjk
234,spotify:track:58HvfVOeJY7lUuCqF0m3ly
235,spotify:track:5ww2BF9slyYgNOk37BlC4u
236,spotify:track:63SevszngYpZOwf63o61K4
237,spotify:track:5qFeMRz4TvetPmzjre9Dq7
238,spotify:track:4ak7xjvBeBOcJGWFDX9w5n
239,spotify:track:4hPpVbbakQNv8YTHYaOJP4
240,spotify:track:6wo37KVqFJhtuxPTpLCcfe
241,spotify:track:2gMXnyrvIjhVBUZwvLZDMP
242,spotify:track:4ZRrLHqzhGRXYj2qcB4s5S
243,spotify:track:1pqnQ41XbfKjaFu6M0eGJp
244,spotify:track:4MzXwWMhyBbmu6hOcLVD49
245,spotify:track:4saklk6nie3yiGePpBwUoc
246,spotify:track:0w1ZtnzQmtmuuoKxHT0pLL
247,spotify:track:1s2B5cndbqK8rPJEIcKJRQ
248,spotify:track:6oJ6le65B3SEqPwMRNXWjY
249,spotify:track:6ocbgoVGwYJhOv1GgI9NsF
250,spotify:track:3Dv1eDb0MEgF93GpLXlucZ
251,spotify:track:776AftMmFFAWUIEAb3lHhw
252,spotify:track:1HhNoOuqm1a5MXYEgAFl8o
253,spotify:track:0T5iIrXA4p5GsubkhuBIKV
254,spotify:track:3swc6WTsr7rl9DqQKQA55C
255,spotify:track:1AI7UPw3fgwAFkvAlZWhE0
256,spotify:track:1Cv1YLb4q0RzL6pybtaMLo
257,spotify:track:1058fW9H3fZA6QjYCdOBad
258,spotify:track:1dm6z1fWB0cErMszU25dy2
259,spotify:track:0e7ipj03S05BNilyu5bRzt
260,spotify:track:2x0RZdkZcD8QRI53XT4GI5
261,spotify:track:7KbF6AdprOXEEHlsq11Z6d
262,spotify:track:3Y7MHz19qCg1Pkxridtu1k
263,spotify:track:7szuecWAPwGoV1e5vGu8tl
264,spotify:track:08fa9LFcFBTcilB3iq2e2A
265,spotify:track:3ggtU1ZOKO8ZNiqPNyXGcm
266,spotify:track:1WedZeiezCmCEOzLwhx0hV
267,spotify:track:1O2pcBJGej0pmH2Y9XZMs6
268,spotify:track:6VBhH7CyP56BXjp8VsDFPZ
269,spotify:track:1Jrj3k5L36dPkU6KAclU7g
270,spotify:track:4NhDYoQTYCdWHTvlbGVgwo
271,spotify:track:10SRMwb9EuVS1K9rYsBfHQ
272,spotify:track:3jipFRgLyKK0oJoG1pKicx
273,spotify:track:08bNPGLD8AhKpnnERrAc6G
274,spotify:track:06s3QtMJVXw1AJX3UfvZG1
275,spotify:track:7iIzwqG5UxPYwTYUUK4pzU
276,spotify:track:6SRsiMl7w1USE4mFqrOhHC
277,spotify:track:7FlQk2gJ6TBrHHiidvdR2O
278,spotify:track:1797zYiX4cKosMH836X9Gt
279,spotify:track:2RAeY8dPj6KmStROfEigjV
280,spotify:track:33IOhptvC2Qoy2UhjiHXLV
281,spotify:track:21jGcNKet2qwijlDFuPiPb
282,spotify:track:0jo6Nd4iJU0UFHqS0Xd4l4
283,spotify:track:0PwFN7vRvY80Hnkoew2x3f
284,spotify:track:1JXBNvlDEl2epKSJ9EOgKX
285,spotify:track:2QoOyCFpDo4NblMLP7vBRT
286,spotify:track:6vN77lE9LK6HP2DewaN6HZ
287,spotify:track:0E6PsO3ymCfUh7pJQjBgkj
288,spotify:track:6JjPBQfI2Y8nIjnm65X6Pw
289,spotify:track:7ycWLEP1GsNjVvcjawXz3z
290,spotify:track:2qG5sZ7Si6sdK74qLxedYM
291,spotify:track:1AnkdcHl86kEhDvhaKDuIe
292,spotify:track:4HYDUMY0xSpeBr0AMY9cUz
293,spotify:track:3CIyK1V4JEJkg02E4EJnDl
294,spotify:track:2QWEMqQMJR1KDf6hDjJOs6
295,spotify:track:0QPRDC97rIQB3Jh3hrVJoH
296,spotify:track:590bUp2TKTfTS9NfiD4Nmn
297,spotify:track:6TqXcAFInzjp0bODyvrWEq
298,spotify:track:6v0lAdFF4haL8xjBIUjtOw
299,spotify:track:5v4GgrXPMghOnBBLmveLac
300,spotify:track:6Uj1ctrBOjOas8xZXGqKk4
301,spotify:track:50nfwKoDiSYg8zOCREWAm5
302,spotify:track:3uUuGVFu1V7jTQL60S1r8z
303,spotify:track:0SVsEdvot6vU4byv5yW0oj
304,spotify:track:7ILEWkpfdK6AjH2D7jppWk
305,spotify:track:7k4t7uLgtOxPwTpFmtJNTY
306,spotify:track:6f3Slt0GbA2bPZlz0aIFXN
307,spotify:track:27RSJHEA99Y0Vsow7nA37A
308,spotify:track:7GARzfC1mwhDuk4t9WOACq
309,spotify:track:4IvenHmD0spfFDOKphoUDp
310,spotify:track:0u2P5u6lvoDfwTYjAADbn4
311,spotify:track:7DrluKkTviBwCc8AV3VGmf
312,spotify:track:2VxeLyX666F8uXCJ0dZF8B
313,spotify:track:79s5XnCN4TJKTVMSmOx8Ep
314,spotify:track:7z4xW9WY86uH3gd1V9pfCM
315,spotify:track:5CzixCxDkRXX9mScCmah8O
316,spotify:track:09IStsImFySgyp0pIQdqAc
317,spotify:track:25zlnOAzbVoOzIeXSvQFf1
318,spotify:track:7MbT4I8qGntX4fMdqMQgke
319,spotify:track:5zFglKYiknIxks8geR8rcL
320,spotify:track:0cOa970mzTWAxKtltpkpLc
321,spotify:track:19MBk3PbNFE36wqIqkMq9H
322,spotify:track:2qRN7PWiHRLprw4FpDeI9N
323,spotify:track:76nqCfJOcFFWBJN32PAksn
324,spotify:track:0b18g3G5spr4ZCkz7Y6Q0Q
325,spotify:track:5Z9KJZvQzH6PFmb8SNkxuk
326,spotify:track:2LBqCSwhJGcFQeTHMVGwy3
327,spotify:track:6jA8JUuPCGYjFcgw0AoM5T
328,spotify:track:2dpaYNEQHiRxtZbfNsse99
329,spotify:track:2rRJrJEo19S2J82BDsQ3F7
330,spotify:track:5lcIegmdblnWqT9nS9EhZj
331,spotify:track:1IIKrJVP1C9N7iPtG6eOsK
332,spotify:track:0BiK5BbYNFLb88CCOxBFJe
333,spotify:track:4jPy3l0RUwlUI9T5XHBW2m
334,spotify:track:6mmPpaltUZK7xjNlBPQQ0p
335,spotify:track:0vrmHPfoBadXVr2n0m1aqZ
336,spotify:track:5iwz1NiezX7WWjnCgY5TH4
337,spotify:track:3Z8FwOEN59mRMxDCtb8N0A
338,spotify:track:2XSO13Gyndo7MDdtYibIxO
339,spotify:track:5YaskwnGDZFDRipaqzbwQx
340,spotify:track:7AQim7LbvFVZJE3O8TYgf2
341,spotify:track:3qN5qMTKyEEmiTZD38BNTT
342,spotify:track:0DiDStADDVh3SvAsoJAFMk
343,spotify:track:6gBFPUFcJLzWGx4lenP6h2
344,spotify:track:6RsRMf9e4KUyo3MecGffNL
345,spotify:track:6AzKhCHOms83jvNVLsz0Bt
346,spotify:track:3FAJ6O0NOHQV8Mc5Ri6ENp
347,spotify:track:59nOXPmaKlBfGMDeOVGrIK
348,spotify:track:4hceSKjrkDTO0nMKFcb3sj
349,spotify:track:16x6tqeSkIjoLEf7SJLlYy
350,spotify:track:1kK6DwzyXJSp58u5HYWwuD
351,spotify:track:5ug4vqGZ3eisGhY1IsziNX
352,spotify:track:4DpNNXFMMxQEKl7r0ykkWA
353,spotify:track:1uA914Md6wsy9NDryyBypH
354,spotify:track:5zNW5ARjYhJQJz1AChP33n
355,spotify:track:5K6Ssv4Z3zRvxt0P6EKUAP
356,spotify:track:0oiv4E896TUTTeQU0cmIui
357,spotify:track:2eAvDnpXP5W0cVtiI0PUxV
358,spotify:track:4zN21mbAuaD0WqtmaTZZeP
359,spotify:track:6MWtB6iiXyIwun0YzU6DFP
360,spotify:track:6MWoRt97mnSTXZhu3ggi9C
361,spotify:track:5fbHRCsGpFIOLRtlhCRFDR
362,spotify:track:2QjOHCTQ1Jl3zawyYOpxh6
363,spotify:track:76cy1WJvNGJTj78UqeA5zr
364,spotify:track:7qiZfU4dY1lWllzX7mPBI3
365,spotify:track:0mjAU3yKR1QnXnHtjGJqTM
366,spotify:track:6woeVu3fVMflqen1t4N6pg
367,spotify:track:3jjujdWJ72nww5eGnfs2E7
368,spotify:track:6w8yBI2vthyN9UnwO4UBWb
369,spotify:track:2b8fOow8UzyDFAE27YhOZM
370,spotify:track:6DuHcOuuGWXNvF3uocsrBa
371,spotify:track:3IJYUaN3tx04S4TYyZHKoP
372,spotify:track:7jtQIBanIiJOMS6RyCx6jZ
373,spotify:track:4qKcDkK6siZ7Jp1Jb4m0aL
374,spotify:track:4keoy2fqgwGnbWlm3ZVZFa
375,spotify:track:5jW3rF4URMdK7tO2xjS5EI
376,spotify:track:43zdsphuZLzwA9k4DJhU0I
377,spotify:track:57tck8MCxkY6tcQC6VhahR
378,spotify:track:4QtiVmuA88tPQiCOHZuQ5b
379,spotify:track:7g8YaUQABMal0zWe7a2ijz
380,spotify:track:1sgDyuLooyvEML4oHspNza
381,spotify:track:7Bk0uXKk1uPT0XuQbpFzvs
382,spotify:track:5QO79kh1waicV47BqGRL3g
383,spotify:track:6wtZPYBIXUvCpXwVjMCJBf
384,spotify:track:7sFYVcKSb24qg0dAkqLEFj
385,spotify:track:4MsUsFfWseB9M2plGJyuIw
386,spotify:track:2DEZmgHKAvm41k4J3R2E9Y
387,spotify:track:4qu63nuBpdn0qHUHuObEj1
388,spotify:track:4OwhwvKESFtuu06dTgct7i
389,spotify:track:31i56LZnwE6uSu3exoHjtB
390,spotify:track:5CLGzJsGqhCEECcpnFQA8x
391,spotify:track:56JyMaElW79S7TDWh1Zw1m
392,spotify:track:2gwkD6igEhQbDQegRCcdoB
393,spotify:track:1hg3RlqFZXJb5YgRoK9qmF
394,spotify:track:4pXW6ZAHBz7ODXTRKklWrM
395,spotify:track:2FSGUA0gFgGeQdprjtGM2M
396,spotify:track:2B4GHvToeLTOBB4QLzW3Ni
397,spotify:track:6DoL1yYIwEW7VZMRaJhoJI
398,spotify:track:40IiSjljbAhrSbdJ3HxSfH
399,spotify:track:4ofwffwvvnbSkrMSCKQDaC
400,spotify:track:79JBjIq90BrQ8Ws0pUhlzD
401,spotify:track:4lzxJ4jCuFDXXGkE1LmpKR
402,spotify:track:3eekarcy7kvN4yt5ZFzltW
403,spotify:track:3uJFmluXzYedoJcvhpC1AW
404,spotify:track:7ijJ5crvsnCvCLJbHpyq3j
405,spotify:track:5WHTFyqSii0lmT9R21abT8
406,spotify:track:0SqqAgdovOE24BzxIClpjw
407,spotify:track:0FFsgUoFibYISzMxuGS61W
408,spotify:track:3rmo8F54jFF8OgYsqTxm5d
409,spotify:track:1rfofaqEpACxVEHIZBJe6W
410,spotify:track:0VKkyBKCXyR99navhVRqcP
411,spotify:track:4zIO3ilp5HvTeK3HJHxhMP
412,spotify:track:55GiOwtxNajXVbpjjIzMnD
413,spotify:track:6Qs4SXO9dwPj5GKvVOv8Ki
414,spotify:track:0RiRZpuVRbi7oqRdSMwhQY
415,spotify:track:6tDDoYIxWvMLTdKpjFkc1B
416,spotify:track:2UbVnbE5FH6008mAm6Mmgw
417,spotify:track:7EkWXAI1wn8Ii883ecd9xr
418,spotify:track:44XjoNvtwevktFKjvVe1vH
419,spotify:track:7rC5Pl8rQSX4myONQHYPBK
420,spotify:track:1rqqCSm0Qe4I9rUvWncaom
421,spotify:track:5hVghJ4KaYES3BFUATCYn0
422,spotify:track:7mEUjhl6aTztdHCrxoTgBG
423,spotify:track:65OVbaJR5O1RmwOQx0875b
424,spotify:track:2kJRlOyrxsy7Ot3c5TZ8Q6
425,spotify:track:2z9YkcLojiOE7Eu2p9lPZR
426,spotify:track:0At2qAoaVjIwWNAqrscXli
427,spotify:track:3EApebexZ7YqDIqw2EMTDh
428,spotify:track:2WyRfGeHo97VC5mP1BBSzr
429,spotify:track:4aPB8rSxGFISs0o6V2LrTy
430,spotify:track:6O7fPYTsb2mY0PiFt2ymDB
431,spotify:track:6cx06DFPPHchuUAcTxznu9
432,spotify:track:5CM4UuQ9Gnd6K2YyKGPMoK
433,spotify:track:3qnoOm4fwZPBS116f5hpgF
434,spotify:track:6cQnrSlTxhHCCiUpKrs7g3
435,spotify:track:02itaCXOdC54J0ISjqqFAp
436,spotify:track:0qc4QlcCxVTGyShurEv1UU
437,spotify:track:1ENdcyhqdylaLsPVgB83qq
438,spotify:track:3JJL91ilRV6fXhKqu0FGXs
439,spotify:track:5uEYRdEIh9Bo4fpjDd4Na9
440,spotify:track:3GVkPk8mqxz0itaAriG1L7
441,spotify:track:1K5KBOgreBi5fkEHvg5ap3
442,spotify:track:46IZ0fSY2mpAiktS3KOqds
443,spotify:track:5bLGQqcpsz5ISWeihZfJnR
444,spotify:track:2xLMifQCjDGFmkHkpNLD9h
445,spotify:track:285pBltuF7vW8TeWk8hdRR
446,spotify:track:1J14CdDAvBTE1AJYUOwl6C
447,spotify:track:3ujiq7yK4Uan5z4876fHLK
448,spotify:track:6U2NuJILEOEpW2tVCuqKHb
449,spotify:track:5T03itPFOPGGkvVPvPiyla
450,spotify:track:7oqftogUN82Q7VNy2TmTJW
451,spotify:track:50ZC4PM7hywH27RcCfViau
452,spotify:track:2MnLkFqY9Rpg9s3Zv6ZJdK
453,spotify:track:5kVZxyMY1gfdCLiChsfjn1
454,spotify:track:6752EZMgXswvRBH3N2PilO
455,spotify:track:6vsV4D8BM6PioRr1UOx0n2
456,spotify:track:25sgk305KZfyuqVBQIahim
457,spotify:track:1Bdptrvb7nQkq8kCw3siE9
458,spotify:track:5p7ujcrUXASCNwRaWNHR1C
459,spotify:track:7sjFIZ1g5QLJLGja3k592K
460,spotify:track:46oHvXwpEZOFX518we1nJD
461,spotify:track:6uFn47ACjqYkc0jADwEdj1
462,spotify:track:5dW1VZPcFqB4n0P08rGDgm
463,spotify:track:71d7LaAgPcNcUopu3OzmP7
464,spotify:track:2TOzTqQXNmR2zDJXihjZ2e
465,spotify:track:267NGliXM8YLVZiKAD9Otm
466,spotify:track:3FkeNbs9Zeiqkr3WkbOiGp
467,spotify:track:5SHpuW2qjkQtFRpE6P9Nks
468,spotify:track:3H2JThgdBxezwj1wwafQS8
469,spotify:track:2ekn2ttSfGqwhhate0LSR0
470,spotify:track:04ZTP5KsCypmtCmQg5tH9R
471,spotify:track:00ko9WaS4jOX1kEk3gvHjf
472,spotify:track:696DnlkuDOXcMAnKlTgXXK
473,spotify:track:3kwgqoBqTwoAH4nT29TYrq
474,spotify:track:1QL7nSDZCwZMnbisV4KOXt
475,spotify:track:4LaGu95Ui2s4vprSQYWUAZ
476,spotify:track:69xohKu8C1fsflYAiSNbwM
477,spotify:track:4e4fqjx0Izh4svvTef1z7e
478,spotify:track:1oc3jna2ablnfIKLYbKujl
479,spotify:track:6e2PtJYcltVk76nLwxBzRn
480,spotify:track:4SSnFejRGlZikf02HLewEF
481,spotify:track:7hvO2qCwJVZxiyoA7c9i5d
482,spotify:track:6kls8cSlUyHW2BUOkDJIZE
483,spotify:track:1nahzW3kfMuwReTka28tH5
484,spotify:track:2UwALqx6yOsXTFt7zRxnts
485,spotify:track:28GCbKgjlVD9eDmasGbe0T
486,spotify:track:09mEdoA6zrmBPgTEN5qXmN
487,spotify:track:45Egmo7icyopuzJN0oMEdk
488,spotify:track:1LIqNVhaIgxXUt2eVoIQJ3
489,spotify:track:6uAm7pG66O1XesXS9bpHSF
490,spotify:track:38iBrrbbXyWaSPkmuDNgjZ
491,spotify:track:66W1rVTnEv86dIkFhoiElg
492,spotify:track:2dNhNlpZAtV4lwAFW45LIv
493,spotify:track:6jmZlyf9DxcIoRrjw02YXm
494,spotify:track:1jaTQ3nqY3oAAYyCTbIvnM
495,spotify:track:2D0dj3hVkRQJCp63cxCPEx
496,spotify:track:1m0UFnuTktOkksvjbF9z0m
497,spotify:track:2uflssWlCaJ6CbTMOsUpNI
498,spotify:track:58ge6dfP91o9oXMzq3XkIS
499,spotify:track:4UKCKdYiLN6IMA5ZESUTL7
500,spotify:track:0XySogm94T51XF5F2jumXm
501,spotify:track:5KawlOMHjWeUjQtnuRs22c
502,spotify:track:2tnVG71enUj33Ic2nFN6kZ
503,spotify:track:3EG9FJ0ToLfgnc1IG2Z1wz
504,spotify:track:0siYMEsGrzzzlWLXK5zJfS
505,spotify:track:4HzqWEdAbzcVFDv0pvxV4w
506,spotify:track:5LYMamLv12UPbemOaTPyeV
507,spotify:track:0e8nrvls4Qqv5Rfa2UhqmO
508,spotify:track:4tNXntkAzQ5A2dfYRYGIIQ
509,spotify:track:7BuSE9uTIw931wtZYzvZcQ
510,spotify:track:527k23H0A4Q0UJN3vGs0Da
511,spotify:track:4d4ZXH4dr5bYfgErHiZCX2
512,spotify:track:0pqnGHJpmpxLKifKRmU6WP
513,spotify:track:4vIKzWqtn44umal5jXq4wE
514,spotify:track:0dZpw3h6KZhcHec61qwevZ
515,spotify:track:2d1MywHy6FwKdzxFuSJnwl
516,spotify:track:3yaYgjEFkRw3PVjW9mV1TO
517,spotify:track:5rJ7bdPmr8nfmm2JQ8xHOz
518,spotify:track:54ipXppHLA8U4yqpOFTUhr
519,spotify:track:6eYxmK9fdL4hwLnXG2zY3s
520,spotify:track:0b9oOr2ZgvyQu88wzixux9
521,spotify:track:4F1yvJfQ7gJkrcgFJQDjOr
522,spotify:track:1VEMUkGFio5uURvN8x1DZJ
523,spotify:track:3M9Apu4OZfylLTFKvgEtKa
524,spotify:track:4wVOKKEHUJxHCFFNUWDn0B
525,spotify:track:5jzEwSyyymBlf1fa1o39T2
526,spotify:track:3DMs7bahbQTnoxCjgP7qoK
527,spotify:track:4XvcHTUfIlWfyJTRG0aqlo
528,spotify:track:4RVwu0g32PAqgUiJoXsdF8
529,spotify:track:1R0a2iXumgCiFb7HEZ7gUE
530,spotify:track:7gwT3HGL84vF7bgtwL1N88
531,spotify:track:3e9HZxeyfWwjeyPAMmWSSQ
532,spotify:track:2lCkncy6bIB0LTMT7kvrD1
533,spotify:track:4ydmav4vl7hebadtfZtMrg
534,spotify:track:380HmhwTE2NJgawn1NwkXi
535,spotify:track:4OENnoidV0h8gJV6bhrw7r
536,spotify:track:5JKnYZOhSP7rOK0jPYcCjV
537,spotify:track:6PDlkWmrq2ZKiUuFt2aQsH
538,spotify:track:4gzsuuZypVbxs0Af1LSZyB
539,spotify:track:0r9d60ZYPAlFHq8qnUtkXN
540,spotify:track:7FGq80cy8juXBCD2nrqdWU
541,spotify:track:2xdwCJLfKCkat14mlgR26M
542,spotify:track:4DHDIdeayp8xvlyg22wREO
543,spotify:track:27OeeYzk6klgBh83TSvGMA
544,spotify:track:6OufwUcCqo81guU2jAlDVP
545,spotify:track:6VrQTLzzuyGIYjUDe4kAZk
546,spotify:track:38QmUDpkoYlNbMKvpvAsrE
547,spotify:track:7anSoGdgtmJTAPZBzcPhO6
548,spotify:track:2gTdDMpNxIRFSiu7HutMCg
549,spotify:track:4u7EnebtmKWzUH433cf5Qv
550,spotify:track:6gxKUmycQX7uyMwJcweFjp
551,spotify:track:5u7twkeask1VIyDeNTElSU
552,spotify:track:7uzmGiiJyRfuViKKK3lVmR
553,spotify:track:5VKSZDsidOFHrtlJb33Syo
554,spotify:track:54l9GJGQ1UCFKe2tzt1Vxt
555,spotify:track:2lYTJK94hb0fd1LQtb6Dhk
556,spotify:track:5Uw7Dut2lZfexn3Y09swpf
557,spotify:track:7fZBQnc0zXwVybgCIrQQil
558,spotify:track:1cKHdTo9u0ZymJdPGSh6nq
559,spotify:track:6rbhaJsE4uLzpPf8WYSHDK
560,spotify:track:5rZlwNFl01HqLWBQGryKSm
561,spotify:track:0YevRlTDW9tyIwViCyke8Q
562,spotify:track:2rPHUAeUPbNgTmK18FPTiZ
563,spotify:track:7MC4XR9M9amdmKQr2iDF7i
564,spotify:track:1Nj2oBISdFDSF8eDuXcALz
565,spotify:track:6ZIuit0z4eQg77F1RGkp0L
566,spotify:track:0tgVpDi06FyKpA1z0VMD4v
567,spotify:track:71pEiUWwfDFiRO6RmFpnBf
568,spotify:track:2JvzF1RMd7lE3KmFlsyZD8
569,spotify:track:5kkaSMcf4BFlhRRICCKZb6
570,spotify:track:0jT8Nl0shPS8115is0wD2Q
571,spotify:track:3obgSF06ki98lYNLNq5vCB
572,spotify:track:7COXchtUOMd6uIT6HvmRaI
573,spotify:track:1tNJrcVe6gwLEiZCtprs1u
574,spotify:track:74znaWw1hmQBusGPSOuTFy
575,spotify:track:2N8m6CYs74qQO4mjVcXO30
576,spotify:track:32vE1nuG8T9c8bhmZdRY6d
577,spotify:track:1zB4vmk8tFRmM9UULNzbLB
578,spotify:track:6MF4tRr5lU8qok8IKaFOBE
579,spotify:track:7lUdbnz7wsv3C9zzf4WHl9
580,spotify:track:1M4OcYkxAtu3ErzSgDEfoi
581,spotify:track:37eGbhE1xVFSvcKkqGb6i1
582,spotify:track:3ZCTVFBt2Brf31RLEnCkWJ
583,spotify:track:1ZvBVbsaNqHEP6ymXaPGlj
584,spotify:track:2goHCrsDJaflEwQ930ef0o
585,spotify:track:2XIc1pqjXV3Cr2BQUGNBck
586,spotify:track:4cacyP5c3PMlfnyjpg13xW
587,spotify:track:21YnmkSDhUkmkkni22Svc4
588,spotify:track:6Hgh47WXVKtXN5zGOu0hjI
589,spotify:track:5d1rmWWF1725tnYjq6rMDB
590,spotify:track:6Hw21Z5CmEV78jrncFpMwz
591,spotify:track:4wcBRRpIfesgcyUtis7PEg
592,spotify:track:0Kdj7nwaYQmvhxnqZaIQuW
593,spotify:track:2alIsNw1mqEShbWyO1HXZZ
594,spotify:track:2kJwzbxV2ppxnQoYw4GLBZ
595,spotify:track:4rPkN1FMzQyFNP9cLUGIIB
596,spotify:track:13HsOwrwTA5HgLuoaDHncP
597,spotify:track:161DnLWsx1i3u1JT05lzqU
598,spotify:track:5ajjAnNRh8bxFvaVHzpPjh
599,spotify:track:0OTNHGKcqQbk51bOYe462Y
600,spotify:track:7BrsBU0BAytRDvROM4yCbn
601,spotify:track:5icOoE6VgqFKohjWWNp0Ac
602,spotify:track:3FHXUqaUer9o231Je1zxIN
603,spotify:track:4JB0EAT4BkLShTyTt50FmO
604,spotify:track:3Be7CLdHZpyzsVijme39cW
605,spotify:track:39LLxExYz6ewLAcYrzQQyP
606,spotify:track:5lfWrciYtohtIMVDVZd0Rf
607,spotify:track:7IBSffWIu7P2MC7kMwy2FM
608,spotify:track:1wJRveJZLSb1rjhnUHQiv6
609,spotify:track:2t7D3y0jvYjR8IP9Bosyew
610,spotify:track:7gwwt1IaAWwmB7af0AcuBM
611,spotify:track:58T4yPLn4NjBYXfRxeweyM
612,spotify:track:0y60itmpH0aPKsFiGxmtnh
613,spotify:track:7glCSQqV5o6NU88Cn4zPZn
614,spotify:track:1DRJZUVcs6i6TkdNUXAi6m
615,spotify:track:4R9ATNRRl1uth17i5qDCc0
616,spotify:track:3eV2WT9YhfzkxbufnBF8wK
617,spotify:track:4fouWK6XVHhzl78KzQ1UjL
618,spotify:track:7MXVkk9YMctZqd1Srtv4MB
619,spotify:track:5Y9fnynLlIvqtM710MHzfz
620,spotify:track:7fODjB7BrQTGqh0hogW6XD
621,spotify:track:4slSrbTK1sNK4I1mDYEthf
622,spotify:track:0zLCBJZSiELJf02ucPP9wb
623,spotify:track:35mvY5S1H3J2QZyna3TFe0
624,spotify:track:3zs87EV3EZSh2UpiXxT52Y
625,spotify:track:18asYwWugKjjsihZ0YvRxO
626,spotify:track:3bH4HzoZZFq8UpZmI2AMgV
627,spotify:track:6zeeWid2sgw4lap2jV61PZ
628,spotify:track:1IWNylpZ477gIVUDpJL66u
629,spotify:track:7C1trmcQQ5n5RNy4l6ziCv
630,spotify:track:1xK1Gg9SxG8fy2Ya373oqb
631,spotify:track:6uvh0In7u1Xn4HgxOfAn8O
632,spotify:track:2ZRo7axmMPeSVUvDbGkJah
633,spotify:track:3T4UodGkfZObJ43RtA5KFU
634,spotify:track:3EPXxR3ImUwfayaurPi3cm
635,spotify:track:0uUNN1nSoUx1A4fkDCWDQ7
636,spotify:track:1gm616Plq4ScqNi7TVkZ5N
637,spotify:track:75ZvA4QfFiZvzhj2xkaWAh
638,spotify:track:6CcJMwBtXByIz4zQLzFkKc
639,spotify:track:1diS6nkxMQc3wwC4G1j0bh
640,spotify:track:3AVXwaOGCEL8cmBecfcsFJ
641,spotify:track:4DnHUy01jEA4b5ydC3HgsT
642,spotify:track:6IaieqiCVvsNvEt6Y7yOFa
643,spotify:track:0STK94RxUulYqWzwFlyAb5
644,spotify:track:78qd8dvwea0Gosb6Fe6j3k
645,spotify:track:6uvMKqNlrSvcC4NaKnrwjZ
646,spotify:track:46HNZY1i7O6jwTA7Slo2PI
647,spotify:track:62ke5zFUJN6RvtXZgVH0F8
648,spotify:track:7FIWs0pqAYbP91WWM0vlTQ
649,spotify:track:08EPQiLMyGB8GJX2EiVoCM
650,spotify:track:4rmVZajAF7PkrCagGPHbqa
651,spotify:track:5YbPxJwPfrj7uswNwoF1pJ
652,spotify:track:5IgjP7X4th6nMNDh4akUHb
653,spotify:track:10Igtw8bSDyyFs7KIsKngZ
654,spotify:track:4R5xvs5X0phd0EYWyGigju
655,spotify:track:7hynhxDoDpgMIV12JuVtNa
656,spotify:track:1gZFRYcPz3wKevEaNYRwfW
657,spotify:track:0bjgQ24UZGwKikldIyEOgf
658,spotify:track:2p2Q23iaaPSEa1tI6TsCVX
659,spotify:track:0vR2rIVORmgeKiGIgNT0fV
660,spotify:track:1ei3hzQmrgealgRKFxIcWn
661,spotify:track:7lQ8MOhq6IN2w8EYcFNSUk
662,spotify:track:7hxHWCCAIIxFLCzvDgnQHX
663,spotify:track:63aj87TQG6F3RVO5nbG2VQ
664,spotify:track:1gng5xQBiYCVDkHS0IKLyk
665,spotify:track:40FLJc17FMZaPmCQEEZgB0
666,spotify:track:4178A5NkEjcsGc64jpBO6d
667,spotify:track:36J0iaPDGbYGsHvYpaYs3k
668,spotify:track:6Hj9jySrnFppAI0sEMCZpJ
669,spotify:track:20BOju91NaEFK5Py4VJ2pp
670,spotify:track:6mAz8D1TmlTuef90dbNIiZ
671,spotify:track:6n4U3TlzUGhdSFbUUhTvLP
672,spotify:track:7GX5flRQZVHRAGd6B4TmDO
673,spotify:track:3Fj47GNK2kUF0uaEDgXLaD
674,spotify:track:2DgdHcjWmO3qd50RzuBLgZ
675,spotify:track:7boPPE857KEqCIHNwFkDop
676,spotify:track:4w8niZpiMy6qz1mntFA5uM
677,spotify:track:6fDC5DIa4bt6NbPZWR1yxM
678,spotify:track:2tFwfmceQa1Y6nRPhYbEtC
679,spotify:track:5jbDih9bLGmI8ycUKkN5XA
680,spotify:track:60ynsPSSKe6O3sfwRnIBRf
681,spotify:track:2zxEc1GCSCxbHIXTfhraRC
682,spotify:track:2qxmye6gAegTMjLKEBoR3d
683,spotify:track:3NWrHCwvyII4fTx05PN3IO
684,spotify:track:0IqCoZ168iRc9LqfrYgpZy
685,spotify:track:0E0DRHf5PfMeor0ZCwB3oT
686,spotify:track:7AwVSKaQxpidrtYBerkHKk
687,spotify:track:2VUTPdW21gPVVTEmvdSwos
688,spotify:track:3dWpRjCmaHbroNahuSeX11
689,spotify:track:1tkg4EHVoqnhR6iFEXb60y
690,spotify:track:48WidxP9CqyYtk97pwGZ3c
691,spotify:track:7o2CTH4ctstm8TNelqjb51
692,spotify:track:4SqWKzw0CbA05TGszDgMlc
693,spotify:track:6tpHfEM8eaETzlPOARYWfZ
694,spotify:track:0SaYeGhSXN0dDWstyNTQ56
695,spotify:track:554Ip3S1rbeES9TNWXGoK1
696,spotify:track:7MRU4vOkywuhZ9kbFiPuiu
697,spotify:track:3AzjcOeAmA57TIOr9zF1ZW
698,spotify:track:71wFwRo8xGc4lrcyKwsvba
699,spotify:track:4kV4N9D1iKVxx1KLvtTpjS
700,spotify:track:0KoiMHhqKLoL4xM54rcWYY
701,spotify:track:7aiClxsDWFRQ0Kzk5KI5ku
702,spotify:track:4ja2gzrNh9VNigzoXfmbwD
703,spotify:track:0xBQvhJAm6f7J142ympKOn
704,spotify:track:7COGuXyTr12KvdaYXMqheC
705,spotify:track:1UdzJEpgJxtuXAlCOvD4S0
706,spotify:track:3sa06xVNmLLYIxdNNmVQN8
707,spotify:track:2XVilv6s9GETnw9PG4T9Mz
708,spotify:track:0B3FovCVaGKS5w1FTidEUP
709,spotify:track:0FlfN5cbUUpIHCRH8X1M44
710,spotify:track:7fYRg3CEbk6rNCuzNzMT06
711,spotify:track:0Y4hwUppbGc8aIBmiTz30A
712,spotify:track:5yNEdBlZMxpcVtGKz5NFk5
713,spotify:track:67XyC1GdSkKb9sbRRkUDXS
714,spotify:track:4TOmcZvw0gHa7GiXRbcYAW
715,spotify:track:2H7jZg2HliuQhZjfBblLrZ
716,spotify:track:1BkY0N8ChFk2mdLbAUu8ZK
717,spotify:track:3GCdLUSnKSMJhs4Tj6CV3s
718,spotify:track:1ZAyjvIk9YiD76yYy0TEG6
719,spotify:track:116H0KvKr2Zl4RPuVBruDO
720,spotify:track:5BRUlCrkTljRTux8BUPUDp
721,spotify:track:44gRhRi2OhEf7moAUj6MD1
722,spotify:track:2CWnuF7ht55Ajyeg4WPvWu
723,spotify:track:78CLZUWhsxIDwObCKOh1fh
724,spotify:track:3xaugmCyXrVkrDTXbFkMW3
725,spotify:track:4cSSL3YafYjM3yjgFO1vJg
726,spotify:track:1v1oIWf2Xgh54kIWuKsDf6
727,spotify:track:45bE4HXI0AwGZXfZtMp8JR
728,spotify:track:4RvWPyQ5RL0ao9LPZeSouE
729,spotify:track:7hDVYcQq6MxkdJGweuCtl9
730,spotify:track:2RttW7RAu5nOAfq6YFvApB
731,spotify:track:00EPIEnX1JFjff8sC6bccd
732,spotify:track:4n7jnSxVLd8QioibtTDBDq
733,spotify:track:6EbduYTr62sSzvl36wWiFM
734,spotify:track:1kMUGCt7XLDc5Q64Vl0H8S
735,spotify:track:57RA3JGafJm5zRtKJiKPIm
736,spotify:track:6qouBO0wJtYc3k7DfKRUBx
737,spotify:track:1oFAF1hdPOickyHgbuRjyX
738,spotify:track:7na7Bk98usp84FaOJFPv3d
739,spotify:track:079Ey5uxL04AKPQgVQwx5h
740,spotify:track:59L8x0xy8njj75vzVCPMqg
741,spotify:track:7KWKWJnbGJ3Soag6Oopion
742,spotify:track:6KuqAtoeVzxAYOaMveLNpH
743,spotify:track:4pUCKHjJ4Ijewc37rRrvHn
744,spotify:track:7CHi4DtfK4heMlQaudCuHK
745,spotify:track:3Iba59sFmGhQ4kbCY5L8AX
746,spotify:track:4XkrlDVc8UQUvsyRsxvU0M
747,spotify:track:4bF2y8rR7GUjrd5LNEvej3
748,spotify:track:7fBv7CLKzipRk6EC6TWHOB
749,spotify:track:6xTU6B6nFwKKTSZ9ySXS80
750,spotify:track:1snWlbcbgQpJfknoI30DWG
751,spotify:track:18uwL0vNUanqZH0ro2QcOP
752,spotify:track:6yVkakCN460KOVol9ZazjH
753,spotify:track:3KdoeNlEN0BoAKWzaRLNZa
754,spotify:track:5O2P9iiztwhomNh8xkR9lJ
755,spotify:track:1JSTJqkT5qHq8MDJnJbRE1
756,spotify:track:3AJwUDP919kvQ9QcozQPxg
757,spotify:track:7sO5G9EABYOXQKNPNiE9NR
758,spotify:track:1mXVgsBdtIVeCLJnSnmtdV
759,spotify:track:5Psnhdkyanjpgc2P8A5TSM
760,spotify:track:2RM4jf1Xa9zPgMGRDiht8O
761,spotify:track:3j84U36KvLeXNDPv4t5pI8
762,spotify:track:1iWHabUgUuuKLBa0TzTHfk
763,spotify:track:0F7FA14euOIX8KcbEturGH
764,spotify:track:4zGtfOglDBfVUypabBwIjQ
765,spotify:track:2GriTXl7gRSBv1A2IGZtnL
766,spotify:track:0U6bQIAh6MCGo1xjbIIx2S
767,spotify:track:3dVvWnj4D8JGkKvo6Hucso
768,spotify:track:0veNpTQFqfmTX0rsJmO2rO
769,spotify:track:2CVChktEKBsM6v4IfdFU5k
770,spotify:track:0zCgWGmDF0aih5qexATyBn
771,spotify:track:3pWcj8hxj3fsb9TDAcMpEl
772,spotify:track:0uIfrUwwg0Z7KTitul7E3T
773,spotify:track:4OGIeHtYhRTJ8iW21UUyZW
774,spotify:track:59CfNbkERJ3NoTXDvoURjj
775,spotify:track:083Qf6hn6sFL6xiOHlZUyn
776,spotify:track:2RVrdr062uLFxXwIxwdXPH
777,spotify:track:6Vf5qHrEJSkVYgyvYJ6QXs
778,spotify:track:2IRZnDFmlqMuOrYOLnZZyc
779,spotify:track:7x4ASXYEKfQBCewcZhK776
780,spotify:track:1fxYz1s15pyZLsJT0Hdh1m
781,spotify:track:0UKUfxIkDAMZz7hMdiVX3m
782,spotify:track:4NCsrTzgVfsDo8nWyP8PPc
783,spotify:track:3EpF150nXMSNjiH0bbmXIL
784,spotify:track:4PQdrXMDHDPl1RczrrlADd
785,spotify:track:3JJYIoJ5FyY9E0DGjr7SXF
786,spotify:track:7njKgVl3AnLflRad38o7AG
787,spotify:track:5opjywL6TBjJRF22TcFDMo
788,spotify:track:2FhEj9lvEIaJihjFprRrGt
789,spotify:track:01TnVDiet1DFTsyWKUKovl
790,spotify:track:7mWFF4gPADjTQjC97CgFVt
791,spotify:track:3Hh0ZcGIqIkSiJVZGLcVLx
792,spotify:track:1c2hJSwcCfoPEw1su83Sw0
793,spotify:track:0OyQns5ayNK2OVaES0Vb8t
794,spotify:track:2BITQ360Knh6qNAOqR7Dyq
795,spotify:track:5KbBGUpIZd6gVFUU8tqYiQ
796,spotify:track:2nKYHpmwjLaEOXS3o7QMiz
797,spotify:track:6Im9k8u9iIzKMrmV7BWtlF
798,spotify:track:249gnXrbfmV8NG6jTEMSwD
799,spotify:track:5QDLhrAOJJdNAmCTJ8xMyW
800,spotify:track:5s8LepdwU0THzpd0M7nLsa
801,spotify:track:0UQwlF2pRkr1lMN6kNNUj3
802,spotify:track:1JDhNQ0oOT7XpclZn3aQ8F
803,spotify:track:0W6I02J9xcqK8MtSeosEXb
804,spotify:track:4cktbXiXOapiLBMprHFErI
805,spotify:track:1YDebgap5OFwXEBG18NJvy
806,spotify:track:68Dni7IE4VyPkTOH9mRWHr
807,spotify:track:4h8VwCb1MTGoLKueQ1WgbD
808,spotify:track:0l8vhDaEztxLCQsFOAX64d
809,spotify:track:7yosVOH7pRWrKANBDbsBqI
810,spotify:track:6zEgnpM0qYmHLDnh8WPejL
811,spotify:track:1zejeOnykpCoyVSit6Bwp3
812,spotify:track:7yq4Qj7cqayVTp3FF9CWbm
813,spotify:track:7mFj0LlWtEJaEigguaWqYh
814,spotify:track:3J8EOeKLTLXORtWPpOU5bE
815,spotify:track:51Zw1cKDgkad0CXv23HCMU
816,spotify:track:10xV5l9nhLvFpR8mqzs0bL
817,spotify:track:4xqrdfXkTW4T0RauPLv3WA
818,spotify:track:2NMjggapJcXXM7WccGEBUO
819,spotify:track:01k24g94i1JvkFLQmVEdCd
820,spotify:track:5W83ErFkO3aKAIS1WMi6u0
821,spotify:track:6ft4hAq6yde8jPZY2i5zLr
822,spotify:track:1zi7xx7UVEFkmKfv06H8x0
823,spotify:track:5PTG6rrL6EPFD9E2QMI2pl
824,spotify:track:7BKLCZ1jbUBVqRi2FVlTVw
825,spotify:track:34FbkFgAbv4ffvhL2XQMVm
826,spotify:track:0qxLQ6opocOGyFnlXqJ53x
827,spotify:track:0ct6r3EGTcMLPtrXHDvVjc
828,spotify:track:5jt25aFjW2kNoBqaEVaz5W
829,spotify:track:3szf2z1Cy1QMrtHrbn8rz9
830,spotify:track:3S0OXQeoh0w6AY8WQVckRW
831,spotify:track:2MuMD298IpYqKF367wegUd
832,spotify:track:4no0eHn4fEB7tN1yZSXMma
833,spotify:track:2alc8VZAzDgdAsL2QMk3hu
834,spotify:track:3iPbmpKBMflYd7UjdYftoj
835,spotify:track:5E30LdtzQTGqRvNd7l6kG5
836,spotify:track:2wzionesqIt3x5Sglb4n91
837,spotify:track:1SOClUWhOi8vHZYMz3GluK
838,spotify:track:1WCEAGGRD066z2Q89ObXTq
839,spotify:track:2hl6q70unbviGo3g1R7uFx
840,spotify:track:5T8EDUDqKcs6OSOwEsfqG7
841,spotify:track:1ZMiCix7XSAbfAJlEZWMCp
842,spotify:track:1bWBG6IkMnDr3qvCKSvQT7
843,spotify:track:1f3yAtsJtY87CTmM8RLnxf
844,spotify:track:6VrBWh90BiwWmwKtvwWFcq
845,spotify:track:6WlxcZKpEV6Bwe9InoVhMp
846,spotify:track:31M5m42C3EGlbydf9XB5to
847,spotify:track:5QiNbIilmMiMBXvaAlf7lN
848,spotify:track:4P6IttK2PRBjyr3fm0pP7t
849,spotify:track:7bDSLyTjZ1VjU5kPHTL3Ko
850,spotify:track:4wNKxMbE3n1gRm4F6OaCP1
851,spotify:track:4dSoDnmR9opAQ8KxUc9SbC
852,spotify:track:1RagpNpkD3KcjXMLGMe99V
853,spotify:track:7KXjTSCq5nL1LoYtL7XAwS
854,spotify:track:2BgEsaKNfHUdlh97KmvFyo
855,spotify:track:0nFCpnM7nistUWXRZpzOWM
856,spotify:track:6NfrH0ANGmgBXyxgV2PeXt
857,spotify:track:1XGmzt0PVuFgQYYnV2It7A
858,spotify:track:37y7iDayfwm3WXn5BiAoRk
859,spotify:track:3y3brCCecHC3Db18aIOnny
860,spotify:track:3nS9a01VvXHQriLqJYwRqG
861,spotify:track:6nV2dFZXpv1JlqDWBeTXRl
862,spotify:track:0FqVtQxRD3HsPltldG5v5M
863,spotify:track:2m6Ko3CY1qXNNja8AlugNc
864,spotify:track:1u8c2t2Cy7UBoG4ArRcF5g
865,spotify:track:07FkzikE6FuHIa8Ma7zJGc
866,spotify:track:132ALUzVLmqYB4UsBj5qD6
867,spotify:track:2zjGJ0dChMR0KxBZS15aqo
868,spotify:track:0eeKDrQxjqNl5bX5VCHDcn
869,spotify:track:1pbbsI2KGPOMu0HmuGccBu
870,spotify:track:1aU1wpYBSpP0M6IiihY5Ue
871,spotify:track:18HOjcvTVV7W8YzBuOsAPS
872,spotify:track:5ucyKDPjLpYLGadsRO1wSB
873,spotify:track:55CHeLEfn5iJ0IIkgaa4si
874,spotify:track:4wQUopWk9Ed7Ng5qpKN5qd
875,spotify:track:2EzRdhuoPyNJDlep7lnNf2
876,spotify:track:5qrSlOut2rNAWv3ubArkNy
877,spotify:track:4SJHHpKhcuXwDsCsPqshXj
878,spotify:track:7eAJEMhjeQLLp4HSdJJ58b
879,spotify:track:2pPO9YecZimmuVQfIzfV6U
880,spotify:track:0rKtyWc8bvkriBthvHKY8d
881,spotify:track:3yfqSUWxFvZELEM4PmlwIR
882,spotify:track:32lItqlMi4LBhb4k0BaSaC
883,spotify:track:5uCax9HTNlzGybIStD3vDh
884,spotify:track:3XiNC94b4Tq1xwv70sQJGN
885,spotify:track:5R9KPXQVeyqsHZoPLMgfNy
886,spotify:track:2aTKrdenCq5qBOoJPFdn4P
887,spotify:track:1SC5rEoYDGUK4NfG82494W
888,spotify:track:1j6xOGusnyXq3l6IryKF3G
889,spotify:track:3H3r2nKWa3Yk5gt8xgmsEt
890,spotify:track:4VXIryQMWpIdGgYR4TrjT1
891,spotify:track:2QqJTIlGKRLJC3onkavYEz
892,spotify:track:1yoMvmasuxZfqHEipJhRbp
893,spotify:track:3dYD57lRAUcMHufyqn9GcI
894,spotify:track:5gflgO9EPbIBf16n5TKnQS
895,spotify:track:5EgYDyMDCi8X0zDydTF7Rb
896,spotify:track:6Gg1gjgKi2AK4e0qzsR7sd
897,spotify:track:48AJSd42lXpicsGqcgopof
898,spotify:track:6QgjcU0zLnzq5OrUoSZ3OK
899,spotify:track:3a1lNhkSLSkpJE4MSHpDu9
900,spotify:track:0hWzB4dR1zwcokPvccww0k
901,spotify:track:1yHdZ9S6rBlNPH3LDNMy2P
902,spotify:track:5SwyN9hzmWjBsINlif8li8
903,spotify:track:6y8z28epOv5FlaxDv1Lo5B
904,spotify:track:6RnkFd8Fqqgk1Uni8RgqCQ
905,spotify:track:447yWcDPg1ddgcHBLGpJC0
906,spotify:track:6RUKPb4LETWmmr3iAEQktW
907,spotify:track:7uH27oIt4a6cIFCA8ZPcyG
908,spotify:track:3loy88Lp5qoTHhL8GhRfVZ
909,spotify:track:6EfBMJQwe2xLgldra6DaYp
910,spotify:track:7lvDsmTRXFE3dK4OjvRiWB
911,spotify:track:5QskYLFPX9y7pLU0VEMNbr
912,spotify:track:6Pgkp4qUoTmJIPn7ReaGxL
913,spotify:track:2374M0fQpWi3dLnB54qaLX
914,spotify:track:2P91MQbaiQOfbiz9VqhqKQ
915,spotify:track:5WnfnSpuNEGXyEt78PBA6d
916,spotify:track:2u6Jm2klS4yvAlbSHlxUwI
917,spotify:track:5vC8UAOHeG95ehRzZChniB
918,spotify:track:5h8VHxOBK1VWWj46T8fSly
919,spotify:track:7eBqSVxrzQZtK2mmgRG6lC
920,spotify:track:3XF5xLJHOQQRbWya6hBp7d
921,spotify:track:68Vm2W4oURsPV3121vUZgB
922,spotify:track:4Hta7Oy5W9HD0UgT1P8PPV
923,spotify:track:2CIYemjFXdmCWpJnfbtrD6
924,spotify:track:003vvx7Niy0yvhvHt4a68B
925,spotify:track:7a8GawTVgHZvBLQOh46he7
926,spotify:track:1YNQscOx6OqBQjxgJVhEeW
927,spotify:track:44ZJ4hLD5onikKsVLQaILr
928,spotify:track:5f1joOtoMeyppIcJGZQvqJ
929,spotify:track:0cu0rhnlCnJ7JIeHRiLpj3
930,spotify:track:1bhUWB0zJMIKr9yVPrkEuI
931,spotify:track:35KmOEIUqAGn02t7n4qaIr
932,spotify:track:7FdUvDkaE24o3FPIWTvzv2
933,spotify:track:1BuZAIO8WZpavWVbbq3Lci
934,spotify:track:1dUHF4RyMmMTveJ0Rby6Xm
935,spotify:track:5itOtNx0WxtJmi1TQ3RuRd
936,spotify:track:0ofHAoxe9vBkTCp2UQIavz
937,spotify:track:5SwEgzUFDHwpWHKrbnP32Z
938,spotify:track:7knLcYCOSaURD0d7HUULFM
939,spotify:track:0KkIkfsLEJbrcIhYsCL7L5
940,spotify:track:4Oun2ylbjFKMPTiaSbbCih
941,spotify:track:3QzAOrNlsabgbMwlZt7TAY
942,spotify:track:2tpWsVSb9UEmDRxAl1zhX1
943,spotify:track:3aW0ds4A4tSQDIp75FqWTo
944,spotify:track:4YLtrBhzjsI2LT6ybXQHeD
945,spotify:track:7alOsNr36sJ8CyOEP4aILq
946,spotify:track:5vdp5UmvTsnMEMESIF2Ym7
947,spotify:track:2AlYncTpVHKwHb55F9lF6O
948,spotify:track:5PAAUJTKLT0nCmHUlLdPXb
949,spotify:track:14Bcv6siTBPw3TlP84dasC
950,spotify:track:0gucTLf7trAf37Ua1uAyAu
951,spotify:track:5H0NU2sHWUnWCcZyYlX46X
952,spotify:track:6gi6y1xwmVszDWkUqab1qw
953,spotify:track:5EbtodsuLbxrFDH6j5avVS
954,spotify:track:7nc7mlSdWYeFom84zZ8Wr8
955,spotify:track:2toVe5hfuIi97ytDPDbQFt
956,spotify:track:6pQKUKBpwr6GhfhcFFFozo
957,spotify:track:2Gq636OOGgxCTqEuzCZhsa
958,spotify:track:3B54sVLJ402zGa6Xm4YGNe
959,spotify:track:7K7MUBCnzgBAvMVW2RTWNs
960,spotify:track:38RIEav39FGi86jppxO0du
961,spotify:track:5EVzgDPaM0LCM3M5exl3z8
962,spotify:track:3Z7CaxQkqbIs1rewKi6v4W
963,spotify:track:0tBbt8CrmxbjRP0pueQkyU
964,spotify:track:78QR3Wp35dqAhFEc2qAGjE
965,spotify:track:1lOe9qE0vR9zwWQAOk6CoO
966,spotify:track:59qrUpoplZxbIZxk6X0Bm3
967,spotify:track:3nY8AqaMNNHHLYV4380ol0
968,spotify:track:2r4JRwcbIeuAzWjH4YXlLs
969,spotify:track:67xBtV07CC73eFw7z5oCvU
970,spotify:track:5QZKcQDp0tCcvMdyqEciBV
971,spotify:track:3rV5y8rcQrwRt9fWGLmjOQ
972,spotify:track:2J2Z1SkXYghSajLibnQHOa
973,spotify:track:63WuQOXohQIxOxIFA2K7bR
974,spotify:track:5bITfqKGaPakO1l99hOMsI
975,spotify:track:1ZDmxwg7Lywlx68b7SsJjj
976,spotify:track:6FZDfxM3a3UCqtzo5pxSLZ
977,spotify:track:5m3jpKkgkfoMcym1qjToFg
978,spotify:track:0nrRP2bk19rLc0orkWPQk2
979,spotify:track:1GYJpuLq41vEVKXiHGEY9j
980,spotify:track:7nD2JPaxIKUdxd2UWgnaGL
981,spotify:track:0IhTEIjFaRt3B2NQYf9azQ
982,spotify:track:5F2xRvRFkxDvqdFtUNAEyw
983,spotify:track:0i4UV3HjjvsUuV3BajEXoD
984,spotify:track:40SBS57su9xLiE1WqkXOVr
985,spotify:track:6rPO02ozF3bM7NnOV4h6s2
986,spotify:track:3AVrVz5rK8Hrqo9YGiVGN5
987,spotify:track:6h5PAsRni4IRlxWr6uDPTP
988,spotify:track:6SYSu569pfYdkDT9A5lZqi
989,spotify:track:3JHpk0DOTOzyh0777JFAky
990,spotify:track:7MRY4VpCuZvBmFda6ZCk2G
991,spotify:track:5qqabIl2vWzo9ApSC317sa
992,spotify:track:3cg9A9GVyZAT2CPevqWr65
993,spotify:track:40T5GIqQ1CegGm2PTEl8Bu
994,spotify:track:3AbNNvo2OmyeDMvRBgf9vk
995,spotify:track:7vGuf3Y35N4wmASOKLUVVU
996,spotify:track:2SxR5RitJdsG6wINvJLBSD
997,spotify:track:5qNh5WtzMbfpSj2jLlBkoD
998,spotify:track:059bcIhyc2SBwm6sw2AZzd
999,spotify:track:3GmfHF5RUe6r5C9UbvIXQp
1000,spotify:track:0kNYrbMehFxp1eleTwUjkP
1001,spotify:track:3rdAz1fbUfZxYgaCviYhRo
1002,spotify:track:3D1rlKmZdpYUeMtRRLNawc
1003,spotify:track:0GxQ1A5L9xnMOytbP6eKBG
1004,spotify:track:5JEx7HbmvHQQswJCsoo9rA
1005,spotify:track:28fRkU3vhqAJdl9i9458pQ
1006,spotify:track:6ucmgsair6pvRYfwgvI6e0
1007,spotify:track:16wAOAZ2OkqoIDN7TpChjR
1008,spotify:track:3YJJjQPAbDT7mGpX3WtQ9A
1009,spotify:track:20on25jryn53hWghthWWW3
1010,spotify:track:4eWQlBRaTjPPUlzacqEeoQ
1011,spotify:track:3O83h4LS797N23DpweeRAa
1012,spotify:track:3JKgcAa7r07ocVWcV8bS0H
1013,spotify:track:4cluDES4hQEUhmXj6TXkSo
1014,spotify:track:0KKkJNfGyhkQ5aFogxQAPU
1015,spotify:track:12iDo4Kdw9vA2X1lN3UTVu
1016,spotify:track:2K3bjojp1sCLdMMoO5lJ2p
1017,spotify:track:6fxVffaTuwjgEk5h9QyRjy
1018,spotify:track:5N5k9nd479b1xpDZ4usjrg
1019,spotify:track:4Clmg1g8n2yBYG13Z1oSdG
1020,spotify:track:07KXEDMj78x68D884wgVEm
1021,spotify:track:01hEpx8jnOG4q7nDK14Rhi
1022,spotify:track:7sA2SKTo1QbTSSYn5YvJC4
1023,spotify:track:1NbGcdgwRHZ5rbPIT9hdR3
1024,spotify:track:5Z3GHaZ6ec9bsiI5BenrbY
1025,spotify:track:4NSW0Km5ZG60L8FthUebPJ
1026,spotify:track:3U4isOIWM3VvDubwSI3y7a
1027,spotify:track:3jlxX3VXPiY3lvBBbppQD3
1028,spotify:track:0fX4oNGBWO3dSGUZcVdVV2
1029,spotify:track:3Du2K5dLzmduCNp6uwuaL0
1030,spotify:track:56f5qnyAlZdlz8wrUDA50h
1031,spotify:track:6c1QaQHdDhtFMfUkhueuXK
1032,spotify:track:1EJIcDYXwSqipW5dFe4uJz
1033,spotify:track:15qKrPi4Kg0z7g9HlwWyeb
1034,spotify:track:5g7sDjBhZ4I3gcFIpkrLuI
1035,spotify:track:2SwQShWjZsxoGviEyaEMOX
1036,spotify:track:3fpVWegR6YOS1Yk5HSMYIq
1037,spotify:track:1Slwb6dOYkBlWal1PGtnNg
1038,spotify:track:4EivmOT13NMpNSfTKn9p4s
1039,spotify:track:0CsR9Y9SnC6ZWmekmVqSHz
1040,spotify:track:4r9jkMEnArtWGH2rL2FZl0
1041,spotify:track:44KKhCyI0BGS6LvVyDqJtH
1042,spotify:track:5S1IUPueD0xE0vj4zU3nSf
1043,spotify:track:3Ol2xnObFdKV9pmRD2t9x8
1044,spotify:track:6K4t31amVTZDgR3sKmwUJJ
1045,spotify:track:7l9IqDtVWJurTvkQHq1BGh
1046,spotify:track:3NeiYiBn3rQBgurfVk92Zm
1047,spotify:track:2CvOqDpQIMw69cCzWqr5yr
1048,spotify:track:2uaiyLKnYvazyfR0Ky3Kbk
1049,spotify:track:4PkIDTPGedm0enzdvilLNd
1050,spotify:track:3EtyEzMpfKSaoVhPunvbRV
1051,spotify:track:4Of7rzpRpV1mWRbhp5rAqG
1052,spotify:track:2oUwMN5VfdGX10XeQJLBBi
1053,spotify:track:13Irp51zj01BZu2XtDrnAg
1054,spotify:track:0TCnOEVeLQMXOUrpPlM7uY
1055,spotify:track:2RSHsoi04658QL5xgQVov3
1056,spotify:track:0t3ZvGKlmYmVsDzBJAXK8C
1057,spotify:track:2wrJq5XKLnmhRXHIAf9xBa
1058,spotify:track:5dApIvFnEdEx0PZvPJF22d
1059,spotify:track:1DIXPcTDzTj8ZMHt3PDt8p
1060,spotify:track:3BnDvpeuGOj21Ir2aVEtQo
1061,spotify:track:7p4vHnYXkxlzvfePJVpcTr
1062,spotify:track:5Hkj1XjMJv5QCGc9NwZm6z
1063,spotify:track:7Kba4OaxQFQ1zlknQUpNqN
1064,spotify:track:3Vo4wInECJQuz9BIBMOu8i
1065,spotify:track:79esEXlqqmq0GPz0xQSZTV
1066,spotify:track:7M2tXmeS15NAzEn7ABFeBg
1067,spotify:track:5TGcyccg8Hkgn9jB7gUpMN
1068,spotify:track:5RAIMjdrCEjpjaR5tBATXU
1069,spotify:track:152lZdxL1OR0ZMW6KquMif
1070,spotify:track:4P92FrvmYQSAfOpp4cpFEi
1071,spotify:track:6Qn5zhYkTa37e91HC1D7lb
1072,spotify:track:6Ozh9Ok6h4Oi1wUSLtBseN
1073,spotify:track:1kKYjjfNYxE0YYgLa7vgVY
1074,spotify:track:2K7xn816oNHJZ0aVqdQsha
1075,spotify:track:6Za3190Sbw39BBC77WSS1C
1076,spotify:track:6bWBLZLBRQEJ5KsLicouNB
1077,spotify:track:1g3ErLqysBJ5EIGdYYMWFZ
1078,spotify:track:3Ys2PYl1wyPKQIwyqhP9cQ
1079,spotify:track:4loQgPwJHocL3dFwLfjb1J
1080,spotify:track:41wtwzCZkXwpnakmwJ239F
1081,spotify:track:2NM0qHzx4Ohy8iXHEEgwlO
1082,spotify:track:1v7L65Lzy0j0vdpRjJewt1
1083,spotify:track:5gDWsRxpJ2lZAffh5p7K0w
1084,spotify:track:6kp0inxIexxSiDJfWqq0ZL
1085,spotify:track:3uhBIQ7tv8j1FME8cFGEfG
1086,spotify:track:2uIX8YMNjGMD7441kqyyNU
1087,spotify:track:5qN1G8fSHq4Sv5FRoOkNGu
1088,spotify:track:7mcdgAXmb35dakBnfDIv3q
1089,spotify:track:5DqdesEfbRyOlSS3Tf6c29
1090,spotify:track:3JDPPLA5oReVAkrEDcBllG
1091,spotify:track:1VLtjHwRWOVJiE5Py7JxoQ
1092,spotify:track:1x3Qb8np6S1UvpSLthwEJN
1093,spotify:track:0N9C80kcgL0xXGduKnYKWi
1094,spotify:track:18W92Zm1KjLCbUIszOhpkD
1095,spotify:track:2Ab1wPTEqulaCGoBak1gUo
1096,spotify:track:52okn5MNA47tk87PeZJLEL
1097,spotify:track:6WkJ2OK163XXS2oARUC9JM
1098,spotify:track:2HolBGR6tpiWI80MXoV1dJ
1099,spotify:track:3rq5w4bQGigXOfdN30ATJt
1100,spotify:track:1lXQskY1Op1KzFG4GVcVpe
1101,spotify:track:5PZAbR6JHYYV9xp5gv0XES
1102,spotify:track:4xxeEWGQNFQ6qehlnev5LS
1103,spotify:track:5TXDeTFVRVY7Cvt0Dw4vWW
1104,spotify:track:0k664IuFwVP557Gnx7RhIl
1105,spotify:track:2EEmzqzM70CybVspgM7YRT
1106,spotify:track:7xQAfvXzm3AkraOtGPWIZg
1107,spotify:track:4xWzZmX4K1yyrdtRfbUvjt
1108,spotify:track:3fGW43fnu3OHEw6ohTC2Bw
1109,spotify:track:6EbVuwU7EnKeF2hdpViXCH
1110,spotify:track:00imgaPlYRrMGn9o83hfmk
1111,spotify:track:5TMLavqGRKNxgzMBrVpC9R
1112,spotify:track:4gB61mP4tNChn4LgfquMhi
1113,spotify:track:6XBjCetHKdO5L9cwMDVffw
1114,spotify:track:59ywHNwwchG4nZJMLyxSzd
1115,spotify:track:4QfZYDhGZc0T2RDvGiI69E
1116,spotify:track:7y3xU9vEC1s8DSuuoSYKih
1117,spotify:track:0rzaRSujxA0bKyjJl6vHYq
1118,spotify:track:4w273WCBXwM4P3jTX5HkB2
1119,spotify:track:4ZLzoOkj0MPWrTLvooIuaa
1120,spotify:track:3pZO6GoVPeSYDxxsH6vCdj
1121,spotify:track:3MmvQKMKdN3UhVS3eGzJIW
1122,spotify:track:7JJmb5XwzOO8jgpou264Ml
1123,spotify:track:1FEiijYPJtyswChfcpv3p0
1124,spotify:track:0OTBOHjEaoqroFlfut1ZsH
1125,spotify:track:6qdMhG7pRFi0csRlFGvLE4
1126,spotify:track:7LAmsNJpBaNvNg7VZPXxSv
1127,spotify:track:7COfe3P7KgfwDwIRB8LIDw
1128,spotify:track:71bBFbfn2OBK5QwUJSLS44
1129,spotify:track:7oK9VyNzrYvRFo7nQEYkWN
1130,spotify:track:7GGhY0m7PZ408BYVXgXtjt
1131,spotify:track:4iHSE5R1U8jf84tRn52xRt
1132,spotify:track:2xXNLutYAOELYVObYb1C1S
1133,spotify:track:3i058E8uxTsYqJ5NWZzqSj
1134,spotify:track:0FZ4Dmg8jJJAPJnvBIzD9z
1135,spotify:track:5lw8Mgb4LyhriPIC86gV6e
1136,spotify:track:6Et5KimMg3IXwD6lJPGmQw
1137,spotify:track:3ZozFqJJlDBNIm4xqxn2ZD
1138,spotify:track:6Qyc6fS4DsZjB2mRW9DsQs
1139,spotify:track:5cepAtqnEQ6yVG6088zMMu
1140,spotify:track:5stPVcRqb4qixbafP9e8lt
1141,spotify:track:0giiXonRhODYy4J1iy4Lb3
1142,spotify:track:67G6iaOw8DZqp1z8STR89R
1143,spotify:track:3PwRuzdphgedcWVUOVYJ7I
1144,spotify:track:737gzPI5VAmgUGWiJ9yXuu
1145,spotify:track:40oKW22ZNNkEdZLJTScaQI
1146,spotify:track:2fuCquhmrzHpu5xcA1ci9x
1147,spotify:track:6ojZtz3sZr6ynvejLOqgCj
1148,spotify:track:3gUzi41YOt3VExeyHSLsMj
1149,spotify:track:5VuxWXbt7XENQCtE9TzpTv
1150,spotify:track:7rwX0O3RlxqqIjQM8evm5E
1151,spotify:track:5rU6kDNXZLXIinFezpbWbO
1152,spotify:track:52zq2a71SGs3f1vJuv59ui
1153,spotify:track:2IePEfMAtqWS6rLXXFZIgI
1154,spotify:track:1r8ZCjfrQxoy2wVaBUbpwg
1155,spotify:track:1Fid2jjqsHViMX6xNH70hE
1156,spotify:track:6lOWoTqVnAWXchddtTH31W
1157,spotify:track:7BuHdm4lQqcyG3qTwdkxus
1158,spotify:track:7HCTUZPqclRvsiefXWwyFz
1159,spotify:track:5zqObw7wjBgL9TDiAymxPn
1160,spotify:track:34chhNX59Wo9HMFCsI3K8Y
1161,spotify:track:0yt31hMKZMiyIEfiBiLD2N
1162,spotify:track:4bHsxqR3GMrXTxEPLuK5ue
1163,spotify:track:7sQKy5vlPQllr0k9IjYJv3
1164,spotify:track:1t9WgS8FN0534tLBRwbaxO
1165,spotify:track:3XgGQ1wjo5khvq2UImjyNF
1166,spotify:track:7tFiyTwD0nx5a1eklYtX2J
1167,spotify:track:2rbDhOo9Fh61Bbu23T2qCk
1168,spotify:track:7kOf0qHO4Rcwk6QJifZDRJ
1169,spotify:track:1VauUM5CBX7nkLcgafQL2B
1170,spotify:track:49gzU1IS1B6P3GATSZ5eCE
1171,spotify:track:0wihfILRNOwE2156Shezc8
1172,spotify:track:2xGjteMU3E1tkEPVFBO08U
1173,spotify:track:0UvZcEfpzVyx47QsRbjyBz
1174,spotify:track:1gH1h30wkQdd9zhY3j7a8T
1175,spotify:track:660eekzsNZ7sdATvfIsAkR
1176,spotify:track:3B0irDyS69y5eAz15xV2Ee
1177,spotify:track:2MZQAvsA7aZDssppBLRxYp
1178,spotify:track:0MWiSBKm8Avs8iDIxcertp
1179,spotify:track:2Oycxb8QbPkpHTo8ZrmG0B
1180,spotify:track:4srcMdbm2qzVG98tJajHxp
1181,spotify:track:7d8GetOsjbxYnlo6Y9e5Kw
1182,spotify:track:0qOnSQQF0yzuPWsXrQ9paz
1183,spotify:track:239yM7BAQ2CkNc61ogPGXo
1184,spotify:track:6ylDpki1VpIsc525KC1ojF
1185,spotify:track:3KYOGt8IO6j8wptkG9THag
1186,spotify:track:2fQrGHiQOvpL9UgPvtYy6G
1187,spotify:track:1LiN0Z98FkR1t0m8KmLcAH
1188,spotify:track:74j34STf8L6uADnTN69ohv
1189,spotify:track:1dIWPXMX4kRHj6Dt2DStUQ
1190,spotify:track:21szgNA72iLwvBxHQLgwBh
1191,spotify:track:4H7WNRErSbONkM06blBoGc
1192,spotify:track:3QGsuHI8jO1Rx4JWLUh9jd
1193,spotify:track:4nVBt6MZDDP6tRVdQTgxJg
1194,spotify:track:3TnhQSRwT3AVMdXw5JPq0x
1195,spotify:track:6pK5edDoyrn4mWwRSVc2a5
1196,spotify:track:5naYe7rLMZcLfO1DKg48MK
1197,spotify:track:24FR8mXTaiGZPrxnkf1kcP
1198,spotify:track:6KBYefIoo7KydImq1uUQlL
1199,spotify:track:2jyjhRf6DVbMPU5zxagN2h
1200,spotify:track:5b195aHKKd6oTr4f7DoRCo
1201,spotify:track:1tC5WMSlsGDFfqnrquB1ty
1202,spotify:track:5VTqW8raQYnj2avZ27nO2a
1203,spotify:track:6jjYDGxVJsWS0a5wlVF5vS
1204,spotify:track:5tz69p7tJuGPeMGwNTxYuV
1205,spotify:track:3S68RFe1lsdCdTMPIMJM3X
1206,spotify:track:5QvW5lK6mkfTegpAK9JOO7
1207,spotify:track:5RgBnDtHKFHgtVdqabjGE3
1208,spotify:track:7IPKXYU2rTMnrLW5IZ7ZI5
1209,spotify:track:1mw0RgNXIpYRyyCdBQbLgA
1210,spotify:track:2OvV4NjEBRE9v8Oo7QeUCq
1211,spotify:track:3DGar7krWlmrXRFHBcQF6z
1212,spotify:track:7KKh0ujp8agIiCrkiJhf81
